<application>
  <component name="DefaultFont">
    <option name="FONT_SIZE" value="18" />
    <option name="FONT_FAMILY" value="Fira Code" />
    <option name="LINE_SPACING" value="1.0" />
    <option name="USE_LIGATURES" value="true" />
  </component>
  <component name="EditorSettings">
    <option name="USE_SOFT_WRAPS" value="" />
    <option name="SOFT_WRAP_FILE_MASKS" value="*.md; *.txt; *.rst; *.adoc" />
    <option name="KEEP_TRAILING_SPACE_ON_CARET_LINE" value="false" />
  </component>
  <component name="InlayHintsSettings">
    <option name="lastViewedProviderKeyId" value="rust.type.hints" />
    <settingsMapElement>
      <Rust.rust.type.hints>
        <Settings>
          <option name="showForIterators" value="false" />
          <option name="showForLambdas" value="false" />
          <option name="showForPlaceholders" value="false" />
          <option name="showForVariables" value="false" />
        </Settings>
      </Rust.rust.type.hints>
    </settingsMapElement>
  </component>
</application>