<application>
  <component name="FileTypeManager" version="18">
    <extensionMap>
      <mapping pattern="LICENSE-MIT" type="PLAIN_TEXT" />
      <mapping pattern="LICENSE" type="PLAIN_TEXT" />
      <mapping pattern="LICENSE-APACHE" type="PLAIN_TEXT" />
      <mapping ext="wasm" type="PLAIN_TEXT" />
      <mapping ext="spv" type="PLAIN_TEXT" />
      <removed_mapping ext="bat" approved="true" type="PLAIN_TEXT" />
      <removed_mapping ext="cmd" approved="true" type="PLAIN_TEXT" />
      <removed_mapping ext="dockerfile" approved="true" type="textmate" />
      <removed_mapping ext="log" approved="true" type="PLAIN_TEXT" />
      <removed_mapping ext="makefile" approved="true" type="textmate" />
      <removed_mapping ext="pl" approved="true" type="textmate" />
      <removed_mapping ext="snakefile" approved="true" type="textmate" />
    </extensionMap>
  </component>
</application>