<application>
  <component name="ProjectJdkTable">
    <jdk version="2">
      <name value="12" />
      <type value="JavaSDK" />
      <version value="java version &quot;12&quot;" />
      <homePath value="C:/Program Files/Java/jdk-12" />
      <roots>
        <classPath>
          <root type="composite">
            <root url="jrt://C:/Program Files/Java/jdk-12!/java.base" type="simple" />
            <root url="jrt://C:/Program Files/Java/jdk-12!/java.compiler" type="simple" />
            <root url="jrt://C:/Program Files/Java/jdk-12!/java.datatransfer" type="simple" />
            <root url="jrt://C:/Program Files/Java/jdk-12!/java.desktop" type="simple" />
            <root url="jrt://C:/Program Files/Java/jdk-12!/java.instrument" type="simple" />
            <root url="jrt://C:/Program Files/Java/jdk-12!/java.logging" type="simple" />
            <root url="jrt://C:/Program Files/Java/jdk-12!/java.management" type="simple" />
            <root url="jrt://C:/Program Files/Java/jdk-12!/java.management.rmi" type="simple" />
            <root url="jrt://C:/Program Files/Java/jdk-12!/java.naming" type="simple" />
            <root url="jrt://C:/Program Files/Java/jdk-12!/java.net.http" type="simple" />
            <root url="jrt://C:/Program Files/Java/jdk-12!/java.prefs" type="simple" />
            <root url="jrt://C:/Program Files/Java/jdk-12!/java.rmi" type="simple" />
            <root url="jrt://C:/Program Files/Java/jdk-12!/java.scripting" type="simple" />
            <root url="jrt://C:/Program Files/Java/jdk-12!/java.se" type="simple" />
            <root url="jrt://C:/Program Files/Java/jdk-12!/java.security.jgss" type="simple" />
            <root url="jrt://C:/Program Files/Java/jdk-12!/java.security.sasl" type="simple" />
            <root url="jrt://C:/Program Files/Java/jdk-12!/java.smartcardio" type="simple" />
            <root url="jrt://C:/Program Files/Java/jdk-12!/java.sql" type="simple" />
            <root url="jrt://C:/Program Files/Java/jdk-12!/java.sql.rowset" type="simple" />
            <root url="jrt://C:/Program Files/Java/jdk-12!/java.transaction.xa" type="simple" />
            <root url="jrt://C:/Program Files/Java/jdk-12!/java.xml" type="simple" />
            <root url="jrt://C:/Program Files/Java/jdk-12!/java.xml.crypto" type="simple" />
            <root url="jrt://C:/Program Files/Java/jdk-12!/jdk.accessibility" type="simple" />
            <root url="jrt://C:/Program Files/Java/jdk-12!/jdk.aot" type="simple" />
            <root url="jrt://C:/Program Files/Java/jdk-12!/jdk.attach" type="simple" />
            <root url="jrt://C:/Program Files/Java/jdk-12!/jdk.charsets" type="simple" />
            <root url="jrt://C:/Program Files/Java/jdk-12!/jdk.compiler" type="simple" />
            <root url="jrt://C:/Program Files/Java/jdk-12!/jdk.crypto.cryptoki" type="simple" />
            <root url="jrt://C:/Program Files/Java/jdk-12!/jdk.crypto.ec" type="simple" />
            <root url="jrt://C:/Program Files/Java/jdk-12!/jdk.crypto.mscapi" type="simple" />
            <root url="jrt://C:/Program Files/Java/jdk-12!/jdk.dynalink" type="simple" />
            <root url="jrt://C:/Program Files/Java/jdk-12!/jdk.editpad" type="simple" />
            <root url="jrt://C:/Program Files/Java/jdk-12!/jdk.hotspot.agent" type="simple" />
            <root url="jrt://C:/Program Files/Java/jdk-12!/jdk.httpserver" type="simple" />
            <root url="jrt://C:/Program Files/Java/jdk-12!/jdk.internal.ed" type="simple" />
            <root url="jrt://C:/Program Files/Java/jdk-12!/jdk.internal.jvmstat" type="simple" />
            <root url="jrt://C:/Program Files/Java/jdk-12!/jdk.internal.le" type="simple" />
            <root url="jrt://C:/Program Files/Java/jdk-12!/jdk.internal.opt" type="simple" />
            <root url="jrt://C:/Program Files/Java/jdk-12!/jdk.internal.vm.ci" type="simple" />
            <root url="jrt://C:/Program Files/Java/jdk-12!/jdk.internal.vm.compiler" type="simple" />
            <root url="jrt://C:/Program Files/Java/jdk-12!/jdk.internal.vm.compiler.management" type="simple" />
            <root url="jrt://C:/Program Files/Java/jdk-12!/jdk.jartool" type="simple" />
            <root url="jrt://C:/Program Files/Java/jdk-12!/jdk.javadoc" type="simple" />
            <root url="jrt://C:/Program Files/Java/jdk-12!/jdk.jcmd" type="simple" />
            <root url="jrt://C:/Program Files/Java/jdk-12!/jdk.jconsole" type="simple" />
            <root url="jrt://C:/Program Files/Java/jdk-12!/jdk.jdeps" type="simple" />
            <root url="jrt://C:/Program Files/Java/jdk-12!/jdk.jdi" type="simple" />
            <root url="jrt://C:/Program Files/Java/jdk-12!/jdk.jdwp.agent" type="simple" />
            <root url="jrt://C:/Program Files/Java/jdk-12!/jdk.jfr" type="simple" />
            <root url="jrt://C:/Program Files/Java/jdk-12!/jdk.jlink" type="simple" />
            <root url="jrt://C:/Program Files/Java/jdk-12!/jdk.jshell" type="simple" />
            <root url="jrt://C:/Program Files/Java/jdk-12!/jdk.jsobject" type="simple" />
            <root url="jrt://C:/Program Files/Java/jdk-12!/jdk.jstatd" type="simple" />
            <root url="jrt://C:/Program Files/Java/jdk-12!/jdk.localedata" type="simple" />
            <root url="jrt://C:/Program Files/Java/jdk-12!/jdk.management" type="simple" />
            <root url="jrt://C:/Program Files/Java/jdk-12!/jdk.management.agent" type="simple" />
            <root url="jrt://C:/Program Files/Java/jdk-12!/jdk.management.jfr" type="simple" />
            <root url="jrt://C:/Program Files/Java/jdk-12!/jdk.naming.dns" type="simple" />
            <root url="jrt://C:/Program Files/Java/jdk-12!/jdk.naming.rmi" type="simple" />
            <root url="jrt://C:/Program Files/Java/jdk-12!/jdk.net" type="simple" />
            <root url="jrt://C:/Program Files/Java/jdk-12!/jdk.pack" type="simple" />
            <root url="jrt://C:/Program Files/Java/jdk-12!/jdk.rmic" type="simple" />
            <root url="jrt://C:/Program Files/Java/jdk-12!/jdk.scripting.nashorn" type="simple" />
            <root url="jrt://C:/Program Files/Java/jdk-12!/jdk.scripting.nashorn.shell" type="simple" />
            <root url="jrt://C:/Program Files/Java/jdk-12!/jdk.sctp" type="simple" />
            <root url="jrt://C:/Program Files/Java/jdk-12!/jdk.security.auth" type="simple" />
            <root url="jrt://C:/Program Files/Java/jdk-12!/jdk.security.jgss" type="simple" />
            <root url="jrt://C:/Program Files/Java/jdk-12!/jdk.unsupported" type="simple" />
            <root url="jrt://C:/Program Files/Java/jdk-12!/jdk.unsupported.desktop" type="simple" />
            <root url="jrt://C:/Program Files/Java/jdk-12!/jdk.xml.dom" type="simple" />
            <root url="jrt://C:/Program Files/Java/jdk-12!/jdk.zipfs" type="simple" />
          </root>
        </classPath>
        <sourcePath>
          <root type="composite">
            <root url="jar://C:/Program Files/Java/jdk-12/lib/src.zip!/java.se" type="simple" />
            <root url="jar://C:/Program Files/Java/jdk-12/lib/src.zip!/jdk.aot" type="simple" />
            <root url="jar://C:/Program Files/Java/jdk-12/lib/src.zip!/jdk.jdi" type="simple" />
            <root url="jar://C:/Program Files/Java/jdk-12/lib/src.zip!/jdk.jfr" type="simple" />
            <root url="jar://C:/Program Files/Java/jdk-12/lib/src.zip!/jdk.net" type="simple" />
            <root url="jar://C:/Program Files/Java/jdk-12/lib/src.zip!/java.rmi" type="simple" />
            <root url="jar://C:/Program Files/Java/jdk-12/lib/src.zip!/java.sql" type="simple" />
            <root url="jar://C:/Program Files/Java/jdk-12/lib/src.zip!/java.xml" type="simple" />
            <root url="jar://C:/Program Files/Java/jdk-12/lib/src.zip!/jdk.jcmd" type="simple" />
            <root url="jar://C:/Program Files/Java/jdk-12/lib/src.zip!/jdk.pack" type="simple" />
            <root url="jar://C:/Program Files/Java/jdk-12/lib/src.zip!/jdk.rmic" type="simple" />
            <root url="jar://C:/Program Files/Java/jdk-12/lib/src.zip!/jdk.sctp" type="simple" />
            <root url="jar://C:/Program Files/Java/jdk-12/lib/src.zip!/java.base" type="simple" />
            <root url="jar://C:/Program Files/Java/jdk-12/lib/src.zip!/jdk.jdeps" type="simple" />
            <root url="jar://C:/Program Files/Java/jdk-12/lib/src.zip!/jdk.jlink" type="simple" />
            <root url="jar://C:/Program Files/Java/jdk-12/lib/src.zip!/jdk.zipfs" type="simple" />
            <root url="jar://C:/Program Files/Java/jdk-12/lib/src.zip!/java.prefs" type="simple" />
            <root url="jar://C:/Program Files/Java/jdk-12/lib/src.zip!/jdk.attach" type="simple" />
            <root url="jar://C:/Program Files/Java/jdk-12/lib/src.zip!/jdk.jshell" type="simple" />
            <root url="jar://C:/Program Files/Java/jdk-12/lib/src.zip!/jdk.jstatd" type="simple" />
            <root url="jar://C:/Program Files/Java/jdk-12/lib/src.zip!/java.naming" type="simple" />
            <root url="jar://C:/Program Files/Java/jdk-12/lib/src.zip!/jdk.editpad" type="simple" />
            <root url="jar://C:/Program Files/Java/jdk-12/lib/src.zip!/jdk.jartool" type="simple" />
            <root url="jar://C:/Program Files/Java/jdk-12/lib/src.zip!/jdk.javadoc" type="simple" />
            <root url="jar://C:/Program Files/Java/jdk-12/lib/src.zip!/jdk.xml.dom" type="simple" />
            <root url="jar://C:/Program Files/Java/jdk-12/lib/src.zip!/java.desktop" type="simple" />
            <root url="jar://C:/Program Files/Java/jdk-12/lib/src.zip!/java.logging" type="simple" />
            <root url="jar://C:/Program Files/Java/jdk-12/lib/src.zip!/jdk.charsets" type="simple" />
            <root url="jar://C:/Program Files/Java/jdk-12/lib/src.zip!/jdk.compiler" type="simple" />
            <root url="jar://C:/Program Files/Java/jdk-12/lib/src.zip!/jdk.dynalink" type="simple" />
            <root url="jar://C:/Program Files/Java/jdk-12/lib/src.zip!/jdk.jconsole" type="simple" />
            <root url="jar://C:/Program Files/Java/jdk-12/lib/src.zip!/jdk.jsobject" type="simple" />
            <root url="jar://C:/Program Files/Java/jdk-12/lib/src.zip!/java.compiler" type="simple" />
            <root url="jar://C:/Program Files/Java/jdk-12/lib/src.zip!/java.net.http" type="simple" />
            <root url="jar://C:/Program Files/Java/jdk-12/lib/src.zip!/jdk.crypto.ec" type="simple" />
            <root url="jar://C:/Program Files/Java/jdk-12/lib/src.zip!/java.scripting" type="simple" />
            <root url="jar://C:/Program Files/Java/jdk-12/lib/src.zip!/jdk.httpserver" type="simple" />
            <root url="jar://C:/Program Files/Java/jdk-12/lib/src.zip!/jdk.jdwp.agent" type="simple" />
            <root url="jar://C:/Program Files/Java/jdk-12/lib/src.zip!/jdk.localedata" type="simple" />
            <root url="jar://C:/Program Files/Java/jdk-12/lib/src.zip!/jdk.management" type="simple" />
            <root url="jar://C:/Program Files/Java/jdk-12/lib/src.zip!/jdk.naming.dns" type="simple" />
            <root url="jar://C:/Program Files/Java/jdk-12/lib/src.zip!/jdk.naming.rmi" type="simple" />
            <root url="jar://C:/Program Files/Java/jdk-12/lib/src.zip!/java.instrument" type="simple" />
            <root url="jar://C:/Program Files/Java/jdk-12/lib/src.zip!/java.management" type="simple" />
            <root url="jar://C:/Program Files/Java/jdk-12/lib/src.zip!/java.sql.rowset" type="simple" />
            <root url="jar://C:/Program Files/Java/jdk-12/lib/src.zip!/java.xml.crypto" type="simple" />
            <root url="jar://C:/Program Files/Java/jdk-12/lib/src.zip!/jdk.internal.ed" type="simple" />
            <root url="jar://C:/Program Files/Java/jdk-12/lib/src.zip!/jdk.internal.le" type="simple" />
            <root url="jar://C:/Program Files/Java/jdk-12/lib/src.zip!/jdk.unsupported" type="simple" />
            <root url="jar://C:/Program Files/Java/jdk-12/lib/src.zip!/java.smartcardio" type="simple" />
            <root url="jar://C:/Program Files/Java/jdk-12/lib/src.zip!/jdk.internal.opt" type="simple" />
            <root url="jar://C:/Program Files/Java/jdk-12/lib/src.zip!/java.datatransfer" type="simple" />
            <root url="jar://C:/Program Files/Java/jdk-12/lib/src.zip!/jdk.accessibility" type="simple" />
            <root url="jar://C:/Program Files/Java/jdk-12/lib/src.zip!/jdk.crypto.mscapi" type="simple" />
            <root url="jar://C:/Program Files/Java/jdk-12/lib/src.zip!/jdk.hotspot.agent" type="simple" />
            <root url="jar://C:/Program Files/Java/jdk-12/lib/src.zip!/jdk.security.auth" type="simple" />
            <root url="jar://C:/Program Files/Java/jdk-12/lib/src.zip!/jdk.security.jgss" type="simple" />
            <root url="jar://C:/Program Files/Java/jdk-12/lib/src.zip!/java.security.jgss" type="simple" />
            <root url="jar://C:/Program Files/Java/jdk-12/lib/src.zip!/java.security.sasl" type="simple" />
            <root url="jar://C:/Program Files/Java/jdk-12/lib/src.zip!/jdk.internal.vm.ci" type="simple" />
            <root url="jar://C:/Program Files/Java/jdk-12/lib/src.zip!/jdk.management.jfr" type="simple" />
            <root url="jar://C:/Program Files/Java/jdk-12/lib/src.zip!/java.management.rmi" type="simple" />
            <root url="jar://C:/Program Files/Java/jdk-12/lib/src.zip!/java.transaction.xa" type="simple" />
            <root url="jar://C:/Program Files/Java/jdk-12/lib/src.zip!/jdk.crypto.cryptoki" type="simple" />
            <root url="jar://C:/Program Files/Java/jdk-12/lib/src.zip!/jdk.internal.jvmstat" type="simple" />
            <root url="jar://C:/Program Files/Java/jdk-12/lib/src.zip!/jdk.management.agent" type="simple" />
            <root url="jar://C:/Program Files/Java/jdk-12/lib/src.zip!/jdk.scripting.nashorn" type="simple" />
            <root url="jar://C:/Program Files/Java/jdk-12/lib/src.zip!/jdk.unsupported.desktop" type="simple" />
            <root url="jar://C:/Program Files/Java/jdk-12/lib/src.zip!/jdk.internal.vm.compiler" type="simple" />
            <root url="jar://C:/Program Files/Java/jdk-12/lib/src.zip!/jdk.scripting.nashorn.shell" type="simple" />
            <root url="jar://C:/Program Files/Java/jdk-12/lib/src.zip!/jdk.internal.vm.compiler.management" type="simple" />
          </root>
        </sourcePath>
      </roots>
      <additional />
    </jdk>
    <jdk version="2">
      <name value="Erlang for Elixir 21" />
      <type value="Erlang SDK for Elixir SDK" />
      <homePath value="C:\Program Files\erl10.3" />
      <roots>
        <classPath>
          <root type="composite">
            <root url="file://C:/Program Files/erl10.3/lib/asn1-5.0.8/ebin" type="simple" />
            <root url="file://C:/Program Files/erl10.3/lib/common_test-1.17/ebin" type="simple" />
            <root url="file://C:/Program Files/erl10.3/lib/compiler-7.3.2/ebin" type="simple" />
            <root url="file://C:/Program Files/erl10.3/lib/crypto-4.4.1/ebin" type="simple" />
            <root url="file://C:/Program Files/erl10.3/lib/debugger-4.2.6/ebin" type="simple" />
            <root url="file://C:/Program Files/erl10.3/lib/dialyzer-3.3.2/ebin" type="simple" />
            <root url="file://C:/Program Files/erl10.3/lib/diameter-2.2/ebin" type="simple" />
            <root url="file://C:/Program Files/erl10.3/lib/edoc-0.10/ebin" type="simple" />
            <root url="file://C:/Program Files/erl10.3/lib/eldap-1.2.6/ebin" type="simple" />
            <root url="file://C:/Program Files/erl10.3/lib/erl_docgen-0.9/ebin" type="simple" />
            <root url="file://C:/Program Files/erl10.3/lib/erl_interface-3.11/ebin" type="simple" />
            <root url="file://C:/Program Files/erl10.3/lib/erts-10.3/ebin" type="simple" />
            <root url="file://C:/Program Files/erl10.3/lib/et-1.6.4/ebin" type="simple" />
            <root url="file://C:/Program Files/erl10.3/lib/eunit-2.3.7/ebin" type="simple" />
            <root url="file://C:/Program Files/erl10.3/lib/ftp-1.0.2/ebin" type="simple" />
            <root url="file://C:/Program Files/erl10.3/lib/hipe-3.18.3/ebin" type="simple" />
            <root url="file://C:/Program Files/erl10.3/lib/inets-7.0.6/ebin" type="simple" />
            <root url="file://C:/Program Files/erl10.3/lib/jinterface-1.9.1/ebin" type="simple" />
            <root url="file://C:/Program Files/erl10.3/lib/kernel-6.3/ebin" type="simple" />
            <root url="file://C:/Program Files/erl10.3/lib/megaco-3.18.4/ebin" type="simple" />
            <root url="file://C:/Program Files/erl10.3/lib/mnesia-4.15.6/ebin" type="simple" />
            <root url="file://C:/Program Files/erl10.3/lib/observer-2.9/ebin" type="simple" />
            <root url="file://C:/Program Files/erl10.3/lib/odbc-2.12.3/ebin" type="simple" />
            <root url="file://C:/Program Files/erl10.3/lib/os_mon-2.4.7/ebin" type="simple" />
            <root url="file://C:/Program Files/erl10.3/lib/otp_mibs-1.2.1/ebin" type="simple" />
            <root url="file://C:/Program Files/erl10.3/lib/parsetools-2.1.8/ebin" type="simple" />
            <root url="file://C:/Program Files/erl10.3/lib/public_key-1.6.5/ebin" type="simple" />
            <root url="file://C:/Program Files/erl10.3/lib/reltool-0.7.8/ebin" type="simple" />
            <root url="file://C:/Program Files/erl10.3/lib/runtime_tools-1.13.2/ebin" type="simple" />
            <root url="file://C:/Program Files/erl10.3/lib/sasl-3.3/ebin" type="simple" />
            <root url="file://C:/Program Files/erl10.3/lib/snmp-5.2.12/ebin" type="simple" />
            <root url="file://C:/Program Files/erl10.3/lib/ssh-4.7.4/ebin" type="simple" />
            <root url="file://C:/Program Files/erl10.3/lib/ssl-9.2/ebin" type="simple" />
            <root url="file://C:/Program Files/erl10.3/lib/stdlib-3.8/ebin" type="simple" />
            <root url="file://C:/Program Files/erl10.3/lib/syntax_tools-2.1.7/ebin" type="simple" />
            <root url="file://C:/Program Files/erl10.3/lib/tftp-1.0.1/ebin" type="simple" />
            <root url="file://C:/Program Files/erl10.3/lib/tools-3.1/ebin" type="simple" />
            <root url="file://C:/Program Files/erl10.3/lib/wx-1.8.7/ebin" type="simple" />
            <root url="file://C:/Program Files/erl10.3/lib/xmerl-1.3.19/ebin" type="simple" />
          </root>
        </classPath>
        <sourcePath>
          <root type="composite" />
        </sourcePath>
      </roots>
      <additional />
    </jdk>
    <jdk version="2">
      <name value="Elixir 1.10.3" />
      <type value="Elixir SDK" />
      <version value="Elixir 1.10.3" />
      <homePath value="C:\Program Files (x86)\Elixir" />
      <roots>
        <classPath>
          <root type="composite">
            <root url="file://C:/Program Files (x86)/Elixir/lib/eex/ebin" type="simple" />
            <root url="file://C:/Program Files (x86)/Elixir/lib/elixir/ebin" type="simple" />
            <root url="file://C:/Program Files (x86)/Elixir/lib/ex_unit/ebin" type="simple" />
            <root url="file://C:/Program Files (x86)/Elixir/lib/iex/ebin" type="simple" />
            <root url="file://C:/Program Files (x86)/Elixir/lib/logger/ebin" type="simple" />
            <root url="file://C:/Program Files (x86)/Elixir/lib/mix/ebin" type="simple" />
          </root>
        </classPath>
        <sourcePath>
          <root type="composite">
            <root url="file://C:/Program Files (x86)/Elixir/lib/eex/lib" type="simple" />
            <root url="file://C:/Program Files (x86)/Elixir/lib/elixir/lib" type="simple" />
            <root url="file://C:/Program Files (x86)/Elixir/lib/ex_unit/lib" type="simple" />
            <root url="file://C:/Program Files (x86)/Elixir/lib/iex/lib" type="simple" />
            <root url="file://C:/Program Files (x86)/Elixir/lib/logger/lib" type="simple" />
            <root url="file://C:/Program Files (x86)/Elixir/lib/mix/lib" type="simple" />
          </root>
        </sourcePath>
      </roots>
      <additional erlang-sdk-name="Erlang for Elixir 21" />
    </jdk>
  </component>
</application>