<application>
  <component name="LightEdit">
    <option name="sessionFiles">
      <list>
        <option value="file://C:/Program Files (x86)/Steam/steamapps/common/ULTRAKILL/Saves/lvl1progress.bepis" />
      </list>
    </option>
    <option name="supportedFilePatterns">
      <list>
        <option value="*.conf" />
        <option value="*.ini" />
        <option value="*.json" />
        <option value="*.log" />
        <option value="*.md" />
        <option value="*.sh" />
        <option value="*.txt" />
        <option value="*.xml" />
        <option value="*.yml" />
      </list>
    </option>
    <option name="frameInfo">
      <frame x="580" y="205" width="1400" height="1000" />
    </option>
  </component>
</application>