<application>
  <component name="ProjectManager">
    <defaultProject>
      <component name="AutoImportSettings">
        <option name="autoReloadType" value="SELECTIVE" />
      </component>
      <component name="CMakeSettings">
        <configurations>
          <configuration PROFILE_NAME="Debug" CONFIG_NAME="Debug" ENABLED="true" />
        </configurations>
      </component>
      <component name="DiscordProjectSettings">
        <option name="show" value="ASK" />
        <option name="description" value="" />
      </component>
      <component name="ProjectDictionaryState">
        <dictionary name="Factorial" />
      </component>
      <component name="ProjectInspectionProfilesVisibleTreeState">
        <entry key="Project Default">
          <profile-state>
            <expanded-state>
              <State />
              <State>
                <id>Rust</id>
              </State>
            </expanded-state>
            <selected-state>
              <State>
                <id>RsAssignToImmutable</id>
              </State>
            </selected-state>
          </profile-state>
        </entry>
      </component>
      <component name="PropertiesComponent">
        <property name="nodejs_interpreter_path.stuck_in_default_project" value="undefined stuck path" />
        <property name="nodejs_npm_path_reset_for_default_project" value="true" />
        <property name="settings.editor.selected.configurable" value="terminal" />
      </component>
      <component name="RustProjectSettings">
        <option name="runExternalLinterOnTheFly" value="true" />
        <option name="runRustfmtOnSave" value="true" />
        <option name="toolchainHomeDirectory" value="$USER_HOME$/.cargo/bin" />
        <option name="version" value="2" />
      </component>
      <component name="TerminalProjectOptionsProvider">
        <option name="myShellPath" value="powershell.exe" />
      </component>
    </defaultProject>
  </component>
</application>