<application>
  <component name="SshConfigs">
    <configs>
      <sshConfig authType="PASSWORD" connectionConfig="{&quot;serverAliveInterval&quot;:300}" host="localhost" id="84891e78-1449-44a1-906b-c11d177c300e" port="2222" customName="WSL (f03b248e-a7d0-4b8e-97fc-f88aa2f06a1a)" nameFormat="CUSTOM" username="factorial">
        <option name="customName" value="WSL (f03b248e-a7d0-4b8e-97fc-f88aa2f06a1a)" />
      </sshConfig>
      <sshConfig authType="PASSWORD" host="localhost" id="01dced9f-0570-47b3-9c68-ea78acbdfa1d" port="2222" customName="WSL (f03b248e-a7d0-4b8e-97fc-f88aa2f06a1a)" nameFormat="CUSTOM" username="factorial">
        <option name="customName" value="WSL (f03b248e-a7d0-4b8e-97fc-f88aa2f06a1a)" />
      </sshConfig>
      <sshConfig authType="PASSWORD" connectionConfig="{&quot;serverAliveInterval&quot;:300}" host="localhost" id="abe13250-cbd3-4f66-a034-267712711496" port="2222" customName="WSL (f03b248e-a7d0-4b8e-97fc-f88aa2f06a1a)" nameFormat="CUSTOM">
        <option name="customName" value="WSL (f03b248e-a7d0-4b8e-97fc-f88aa2f06a1a)" />
      </sshConfig>
    </configs>
  </component>
</application>