<application>
  <component name="UpdatesConfigurable">
    <ignoredBuildNumbers>
      <item value="212.3116.34" />
      <item value="212.4321.2" />
      <item value="212.4037.2" />
    </ignoredBuildNumbers>
    <option name="LAST_BUILD_CHECKED" value="CL-212.5284.51" />
    <option name="LAST_TIME_CHECKED" value="1634552534114" />
    <pluginHosts>
      <item value="https://plugins.jetbrains.com/plugins/nightly/8182" />
      <item value="https://plugins.jetbrains.com/plugins/nightly/8195" />
    </pluginHosts>
    <option name="THIRD_PARTY_PLUGINS_ALLOWED" value="true" />
  </component>
</application>