<profile version="1.0">
  <option name="myName" value="Default" />
  <inspection_tool class="RsBorrowChecker" enabled="false" level="ERROR" enabled_by_default="false" />
  <inspection_tool class="RsUnresolvedReference" enabled="false" level="ERROR" enabled_by_default="false" />
  <inspection_tool class="SpellCheckingInspection" enabled="false" level="TYPO" enabled_by_default="false">
    <option name="processCode" value="true" />
    <option name="processLiterals" value="true" />
    <option name="processComments" value="true" />
  </inspection_tool>
</profile>